Week_Start,Date,Close,Volume
2024-06-03,2024-06-04,56.33,2720878
2024-06-03,2024-06-05,56.52,3476077
2024-06-03,2024-06-06,56.58,2510155
2024-06-03,2024-06-07,56.52,2147405
2024-06-10,2024-06-10,56.63,2174712
2024-06-10,2024-06-11,56.5,2038655
2024-06-10,2024-06-12,56.41,3485925
2024-06-10,2024-06-13,56.31,2844877
2024-06-10,2024-06-14,56.2,2732010
2024-06-17,2024-06-17,56.32,2690895
2024-06-17,2024-06-18,56.37,2642427
2024-06-17,2024-06-20,56.53,3303569
2024-06-17,2024-06-21,56.7,2139449
2024-06-24,2024-06-24,56.95,2864630
2024-06-24,2024-06-25,56.75,3121597
2024-06-24,2024-06-26,56.72,2332564
2024-06-24,2024-06-27,56.74,2572259
2024-06-24,2024-06-28,56.68,2478110
2024-07-01,2024-07-01,56.11,3178128
2024-07-01,2024-07-02,56.2,2785065
2024-07-01,2024-07-03,56.14,2345787
2024-07-01,2024-07-05,56.38,2848765
2024-07-08,2024-07-08,56.24,2573928
2024-07-08,2024-07-09,56.13,3168128
2024-07-08,2024-07-10,56.24,2833195
2024-07-08,2024-07-11,56.64,3134234
2024-07-08,2024-07-12,56.91,3000059
2024-07-15,2024-07-15,56.86,2578276
2024-07-15,2024-07-16,57.22,2784842
2024-07-15,2024-07-17,57.33,3124036
2024-07-15,2024-07-18,57.06,3242339
2024-07-15,2024-07-19,56.77,2599357
2024-07-22,2024-07-22,57.2,3100661
2024-07-22,2024-07-23,56.91,2957017
2024-07-22,2024-07-24,56.34,2971052
2024-07-22,2024-07-25,56.32,2913809
2024-07-22,2024-07-26,56.96,2669204
2024-07-29,2024-07-29,57.02,2350955
2024-07-29,2024-07-30,57.04,2810168
2024-07-29,2024-07-31,57.48,3420661
2024-07-29,2024-08-01,57,5561155
2024-07-29,2024-08-02,56.37,6734474
2024-08-05,2024-08-05,54.98,9728651
2024-08-05,2024-08-06,55.52,5067767
2024-08-05,2024-08-07,55.28,3331454
2024-08-05,2024-08-08,56.22,2670194
2024-08-05,2024-08-09,56.41,2372875
2024-08-12,2024-08-12,56.36,2667688
2024-08-12,2024-08-13,56.83,2599639
2024-08-12,2024-08-14,57.06,2461540
2024-08-12,2024-08-15,57.56,2810063
2024-08-12,2024-08-16,57.61,1841077
2024-08-19,2024-08-19,57.82,2918083
2024-08-19,2024-08-20,57.84,2384104
2024-08-19,2024-08-21,58,2128081
2024-08-19,2024-08-22,57.87,2237237
2024-08-19,2024-08-23,58.11,2936242
2024-08-26,2024-08-26,58.29,2407840
2024-08-26,2024-08-27,58.35,1948699
2024-08-26,2024-08-28,58.3,2411902
2024-08-26,2024-08-29,58.55,2771984
2024-08-26,2024-08-30,58.83,2154035
2024-09-02,2024-09-03,58.09,2982864
2024-09-02,2024-09-04,58.19,2881313
2024-09-02,2024-09-05,57.93,2802331
2024-09-02,2024-09-06,57.53,3309433
2024-09-09,2024-09-09,58.1,2480029
2024-09-09,2024-09-10,58.2,2218850
2024-09-09,2024-09-11,58.35,2913897
2024-09-09,2024-09-12,58.5,3572130
2024-09-09,2024-09-13,58.83,2039381
2024-09-16,2024-09-16,59.05,2678361
2024-09-16,2024-09-17,59.01,2321274
2024-09-16,2024-09-18,58.85,2813220
2024-09-16,2024-09-19,59.21,2708885
2024-09-16,2024-09-20,59.15,2307339
2024-09-23,2024-09-23,59.32,2669113
2024-09-23,2024-09-24,59.25,3451771
2024-09-23,2024-09-25,59.13,2537064
2024-09-23,2024-09-26,59.32,2690977
2024-09-23,2024-09-27,59.41,2623275
2024-09-30,2024-09-30,59.51,3310863
2024-09-30,2024-10-01,59.11,3973876
2024-09-30,2024-10-02,59.19,3255991
2024-09-30,2024-10-03,58.91,3159573
2024-09-30,2024-10-04,59.15,2177139
2024-10-07,2024-10-07,58.84,2845379
2024-10-07,2024-10-08,58.99,2080971
2024-10-07,2024-10-09,59.22,2536210
2024-10-07,2024-10-10,59.15,1962697
2024-10-07,2024-10-11,59.46,2521631
2024-10-14,2024-10-14,59.71,2273116
2024-10-14,2024-10-15,59.57,2479393
2024-10-14,2024-10-16,59.77,2556707
2024-10-14,2024-10-17,59.84,2435747
2024-10-14,2024-10-18,59.9,2356511
2024-10-21,2024-10-21,59.65,2428416
2024-10-21,2024-10-22,59.6,2308966
2024-10-21,2024-10-23,59.53,2546122
2024-10-21,2024-10-24,59.39,2427571
2024-10-21,2024-10-25,59.23,2625692
2024-10-28,2024-10-28,59.36,2601157
2024-10-28,2024-10-29,59.24,2637176
2024-10-28,2024-10-30,59.15,3314931
2024-10-28,2024-10-31,58.69,3278562
2024-10-28,2024-11-01,58.47,3243723
2024-11-04,2024-11-04,58.43,3134372
2024-11-04,2024-11-05,58.88,2983638
2024-11-04,2024-11-06,59.59,5059051
2024-11-04,2024-11-07,59.67,4734825
2024-11-04,2024-11-08,60.03,2982478
2024-11-11,2024-11-11,60.08,2751797
2024-11-11,2024-11-12,59.97,2931862
2024-11-11,2024-11-13,60.02,2667487
2024-11-11,2024-11-14,59.78,3388272
2024-11-11,2024-11-15,59.27,4671516
2024-11-18,2024-11-18,59.43,3547257
2024-11-18,2024-11-19,59.41,3730781
2024-11-18,2024-11-20,59.48,3304119
2024-11-18,2024-11-21,59.91,3310247
2024-11-18,2024-11-22,60.16,2764471
2024-11-25,2024-11-25,60.5,3258911
2024-11-25,2024-11-26,60.68,2687222
2024-11-25,2024-11-27,60.69,3214955
2024-11-25,2024-11-29,60.83,1644968
2024-12-02,2024-12-02,60.3,3195270
2024-12-02,2024-12-03,60.09,3223794
2024-12-02,2024-12-04,60.17,3378226
2024-12-02,2024-12-05,59.99,3567832
2024-12-02,2024-12-06,59.91,3082400
2024-12-09,2024-12-09,59.67,2997342
2024-12-09,2024-12-10,59.64,3432296
2024-12-09,2024-12-11,59.62,3082760
2024-12-09,2024-12-12,59.51,2880030
2024-12-09,2024-12-13,59.43,2862313
2024-12-16,2024-12-16,59.23,4001594
2024-12-16,2024-12-17,59.11,3452954
2024-12-16,2024-12-18,57.76,5557222
2024-12-16,2024-12-19,57.64,5691098
2024-12-16,2024-12-20,58.2,4077178
2024-12-23,2024-12-23,58.39,3467159
2024-12-23,2024-12-24,58.82,2024090
2024-12-23,2024-12-26,58.86,2238307
2024-12-23,2024-12-27,58.46,3716836
2024-12-30,2024-12-30,57.96,3864896
2024-12-30,2024-12-31,57.53,4012808
2024-12-30,2025-01-02,57.49,4518907
2024-12-30,2025-01-03,57.98,4147602
2025-01-06,2025-01-06,57.91,3621464
2025-01-06,2025-01-07,57.66,3792081
2025-01-06,2025-01-08,57.89,3253102
2025-01-06,2025-01-10,57.06,5904825
2025-01-13,2025-01-13,57.27,3238187
2025-01-13,2025-01-14,57.5,3406583
2025-01-13,2025-01-15,58,4146294
2025-01-13,2025-01-16,58.25,4379130
2025-01-13,2025-01-17,58.5,3850992
2025-01-20,2025-01-21,58.95,4218513
2025-01-20,2025-01-22,58.87,5405517
2025-01-20,2025-01-23,59.14,3279080
2025-01-20,2025-01-24,59.1,3398252
2025-01-27,2025-01-27,59.29,4970833
2025-01-27,2025-01-28,58.98,4396849
2025-01-27,2025-01-29,58.94,3954069
2025-01-27,2025-01-30,59.13,3373031
2025-01-27,2025-01-31,58.97,3787710
2025-02-03,2025-02-03,58.56,5064730
2025-02-03,2025-02-04,58.62,4054223
2025-02-03,2025-02-05,58.94,4346730
2025-02-03,2025-02-06,59.04,3337554
2025-02-03,2025-02-07,58.79,4162917
2025-02-10,2025-02-10,59.09,3219048
2025-02-10,2025-02-11,59.2,3655083
2025-02-10,2025-02-12,59.04,3831282
2025-02-10,2025-02-13,59.28,3579874
2025-02-10,2025-02-14,59.17,3153319
2025-02-17,2025-02-18,59.35,4055951
2025-02-17,2025-02-19,59.71,3060736
2025-02-17,2025-02-20,59.71,3368873
2025-02-17,2025-02-21,59.13,3780487
2025-02-24,2025-02-24,59.1,7947309
2025-02-24,2025-02-25,59.24,6524790
2025-02-24,2025-02-26,59.09,4041262
2025-02-24,2025-02-27,58.69,4380774
2025-02-24,2025-02-28,59.41,4180109
2025-03-03,2025-03-03,58.69,5650606
2025-03-03,2025-03-04,57.97,5678640
2025-03-03,2025-03-05,58.5,5587551
2025-03-03,2025-03-06,57.86,5140529
2025-03-03,2025-03-07,58.2,4748164
2025-03-10,2025-03-10,57.39,7865150
2025-03-10,2025-03-11,56.75,5371848
2025-03-10,2025-03-12,56.69,4401241
2025-03-10,2025-03-13,56.17,4135309
2025-03-10,2025-03-14,56.96,3415783
2025-03-17,2025-03-17,57.46,4088630
2025-03-17,2025-03-18,57.1,3315566
2025-03-17,2025-03-19,57.39,3958270
2025-03-17,2025-03-20,57.27,3209792
2025-03-17,2025-03-21,57.11,3023870
2025-03-24,2025-03-24,57.79,3273767
2025-03-24,2025-03-25,57.65,3866356
2025-03-24,2025-03-26,57.51,3521107
2025-03-24,2025-03-27,57.38,3692243
2025-03-24,2025-03-28,56.68,3734125
2025-03-31,2025-03-31,57.14,3904344
2025-03-31,2025-04-01,56.77,3464902
2025-03-31,2025-04-02,57,4390900
2025-03-31,2025-04-03,55.21,9676229
2025-03-31,2025-04-04,52.14,15139222
2025-04-07,2025-04-07,51.95,14256419
2025-04-07,2025-04-08,51.14,12095448
2025-04-07,2025-04-09,54.8,10408336
2025-04-07,2025-04-10,53.46,6149898
2025-04-07,2025-04-11,53.98,4556529
2025-04-14,2025-04-14,54.67,5232370
2025-04-14,2025-04-15,54.51,5092975
2025-04-14,2025-04-16,53.61,5053341
2025-04-14,2025-04-17,53.76,5094865
2025-04-21,2025-04-21,52.71,6315453
2025-04-21,2025-04-22,53.83,4046309
2025-04-21,2025-04-23,54.21,5948982
2025-04-21,2025-04-24,54.82,3714245
2025-04-21,2025-04-25,54.98,3711215
2025-04-28,2025-04-28,55.09,4467893
2025-04-28,2025-04-29,55.28,8374721
2025-04-28,2025-04-30,55.59,6345896
2025-04-28,2025-05-01,55.1,6550669
2025-04-28,2025-05-02,55.66,4805276
2025-05-05,2025-05-05,55.61,4856789
2025-05-05,2025-05-06,55.39,3026012
2025-05-05,2025-05-07,55.68,3774192
2025-05-05,2025-05-08,55.67,4082893
2025-05-05,2025-05-09,55.65,3594101
2025-05-12,2025-05-12,56.18,8093257
2025-05-12,2025-05-13,56.03,5831219
2025-05-12,2025-05-14,55.69,7635595
2025-05-12,2025-05-15,55.96,3605110
2025-05-12,2025-05-16,56.24,3513891
2025-05-19,2025-05-19,56.29,4816340
2025-05-19,2025-05-20,56.3,3773851
2025-05-19,2025-05-21,55.92,6390248
2025-05-19,2025-05-22,55.73,6253201
2025-05-19,2025-05-23,55.52,4901909
2025-05-26,2025-05-27,56.07,4309967
2025-05-26,2025-05-28,55.9,5145265
2025-05-26,2025-05-29,56,7034030
2025-05-26,2025-05-30,56.09,5182101
2025-06-02,2025-06-02,55.63,5603219
2025-06-02,2025-06-03,55.74,5441943
2025-06-02,2025-06-04,55.76,5053963
2025-06-02,2025-06-05,55.77,4327078
2025-06-02,2025-06-06,56.03,3867269
2025-06-09,2025-06-09,56.02,5841290
2025-06-09,2025-06-10,56.19,4094483
2025-06-09,2025-06-11,56.18,4513361
2025-06-09,2025-06-12,56.44,4224700
2025-06-09,2025-06-13,56.04,5395215
2025-06-16,2025-06-16,56.26,3252265
2025-06-16,2025-06-17,55.87,4508136
2025-06-16,2025-06-18,55.74,3515751
2025-06-16,2025-06-20,55.75,3833909
2025-06-23,2025-06-23,56.13,4095928
2025-06-23,2025-06-24,56.57,4119498
2025-06-23,2025-06-25,56.36,3733162
2025-06-23,2025-06-26,56.4,4210221
2025-06-23,2025-06-27,56.66,4168564
2025-06-30,2025-06-30,56.85,5880208
2025-06-30,2025-07-01,56.78,5303517
2025-06-30,2025-07-02,56.81,4569471
2025-06-30,2025-07-03,56.96,4004542
2025-07-07,2025-07-07,56.71,5618609
2025-07-07,2025-07-08,56.81,3907132
2025-07-07,2025-07-09,56.85,4565572
2025-07-07,2025-07-10,56.96,3766506
2025-07-07,2025-07-11,56.76,3578630
2025-07-14,2025-07-14,56.83,3811470
2025-07-14,2025-07-15,56.46,4618962
2025-07-14,2025-07-16,56.66,4088433
2025-07-14,2025-07-17,57.02,3978535
2025-07-14,2025-07-18,56.97,7796603
2025-07-21,2025-07-21,56.85,3687551
2025-07-21,2025-07-22,57.15,3131760
2025-07-21,2025-07-23,57.23,3629041
2025-07-21,2025-07-24,57.17,3941691
2025-07-21,2025-07-25,57.32,3306195
2025-07-28,2025-07-28,57.17,4131079
2025-07-28,2025-07-29,57.16,3686956
2025-07-28,2025-07-30,56.84,4856300
2025-07-28,2025-07-31,56.48,5414714
2025-07-28,2025-08-01,55.61,7691872
2025-08-04,2025-08-04,56.23,4461045
2025-08-04,2025-08-05,55.9,4959264
2025-08-04,2025-08-06,55.99,4141510
2025-08-04,2025-08-07,55.9,6138957
2025-08-04,2025-08-08,56.06,3305031
2025-08-11,2025-08-11,56.04,4174554
2025-08-11,2025-08-12,56.34,3728155
2025-08-11,2025-08-13,56.68,3847195
2025-08-11,2025-08-14,56.62,3310256
2025-08-11,2025-08-15,56.69,2862590
2025-08-18,2025-08-18,56.74,3098417
2025-08-18,2025-08-19,56.93,3186086
2025-08-18,2025-08-20,57.1,4461917
2025-08-18,2025-08-21,56.88,2744913
2025-08-18,2025-08-22,57.37,4456498
2025-08-25,2025-08-25,57.04,3702375
2025-08-25,2025-08-26,57.09,3431376
2025-08-25,2025-08-27,57.13,3366062
2025-08-25,2025-08-28,57.19,4345154
2025-08-25,2025-08-29,57.15,4210030
2025-09-01,2025-09-02,56.65,4884665
2025-09-01,2025-09-03,56.58,4519219
2025-09-01,2025-09-04,56.76,5402437
2025-09-01,2025-09-05,56.78,3783670
2025-09-08,2025-09-08,56.81,4158765
2025-09-08,2025-09-09,56.75,3330601
2025-09-08,2025-09-10,56.9,3707216
2025-09-08,2025-09-11,57.25,4532529
2025-09-08,2025-09-12,56.9,4073387
2025-09-15,2025-09-15,56.82,5118691
2025-09-15,2025-09-16,56.77,4092128
2025-09-15,2025-09-17,56.92,4153272
2025-09-15,2025-09-18,56.93,4439972
2025-09-15,2025-09-19,56.86,4690508
2025-09-22,2025-09-22,56.82,5198377
2025-09-22,2025-09-23,56.84,3889804
2025-09-22,2025-09-24,56.88,3909976
2025-09-22,2025-09-25,56.65,6363939
2025-09-22,2025-09-26,56.94,5354594
2025-09-29,2025-09-29,56.96,4924859
2025-09-29,2025-09-30,57.1,5437150
2025-09-29,2025-10-01,56.85,4425895
2025-09-29,2025-10-02,56.85,4296663
2025-09-29,2025-10-03,57.03,7367762
2025-10-06,2025-10-06,56.97,4608405
2025-10-06,2025-10-07,56.87,4288700
2025-10-06,2025-10-08,56.91,4877383
2025-10-06,2025-10-09,56.75,4309623
2025-10-06,2025-10-10,56,5921274
2025-10-13,2025-10-13,56.55,6160687
2025-10-13,2025-10-14,56.88,5940784
2025-10-13,2025-10-15,56.87,5075379
2025-10-13,2025-10-16,56.51,4905902
2025-10-13,2025-10-17,56.86,4752727
2025-10-20,2025-10-20,57.17,4256135
2025-10-20,2025-10-21,57.52,4784749
2025-10-20,2025-10-22,57.29,8908683
2025-10-20,2025-10-23,57.46,4205405
2025-10-20,2025-10-24,57.46,3744278
2025-10-27,2025-10-27,57.6,4517051
2025-10-27,2025-10-28,57.23,5246957
2025-10-27,2025-10-29,56.9,5921473
2025-10-27,2025-10-30,56.91,6341534
2025-10-27,2025-10-31,56.88,5991719
2025-11-03,2025-11-03,56.39,5685774
2025-11-03,2025-11-04,56.39,5675852
2025-11-03,2025-11-05,56.47,5827138
2025-11-03,2025-11-06,56.25,5460191
2025-11-03,2025-11-07,56.45,7509198
2025-11-10,2025-11-10,56.72,5992035
2025-11-10,2025-11-11,57.11,4504330
2025-11-10,2025-11-12,57.28,4887165
2025-11-10,2025-11-13,56.86,4519460
2025-11-10,2025-11-14,56.74,4919116
2025-11-17,2025-11-17,56.39,5969378
2025-11-17,2025-11-18,56.29,4868429
2025-11-17,2025-11-19,56.32,3812027
2025-11-17,2025-11-20,55.85,7419608
2025-11-17,2025-11-21,56.59,7627903
2025-11-24,2025-11-24,56.84,4251963
2025-11-24,2025-11-25,57.44,5367329
2025-11-24,2025-11-26,57.67,3656490
2025-11-24,2025-11-28,57.91,2300626
2025-12-01,2025-12-01,57.21,4782768
2025-12-01,2025-12-02,57.16,5470403
2025-12-01,2025-12-03,57.48,5444256
2025-12-01,2025-12-04,57.46,4235932
2025-12-01,2025-12-05,57.43,4209044
2025-12-08,2025-12-08,57.17,4184612
2025-12-08,2025-12-09,57.02,3592149
2025-12-08,2025-12-10,57.41,4421227
2025-12-08,2025-12-11,57.79,4011136
2025-12-08,2025-12-12,57.73,4776373
2025-12-15,2025-12-15,57.77,5137392
2025-12-15,2025-12-16,57.52,5487216
2025-12-15,2025-12-17,57.24,6223588
2025-12-15,2025-12-18,57.41,6623163
2025-12-15,2025-12-19,57.54,4107458
2025-12-22,2025-12-22,57.76,4767082
2025-12-22,2025-12-23,57.82,5049576
2025-12-22,2025-12-24,57.97,2459303
2025-12-22,2025-12-26,58.02,3634175
2025-12-29,2025-12-29,57.98,4659043
2025-12-29,2025-12-30,57.98,5111358
2025-12-29,2025-12-31,57.24,4299871
2025-12-29,2026-01-02,57.32,7480473
2026-01-05,2026-01-05,57.47,7731446
2026-01-05,2026-01-06,57.95,6191558
2026-01-05,2026-01-07,57.76,8869506
2026-01-05,2026-01-08,58.04,5455791
2026-01-05,2026-01-09,58.25,4458823
2026-01-12,2026-01-12,58.3,4573800
2026-01-12,2026-01-13,58.25,4418572
2026-01-12,2026-01-14,58.34,5324018
2026-01-12,2026-01-15,58.43,5298687
2026-01-12,2026-01-16,58.41,4556282
2026-01-19,2026-01-20,57.62,7837595
2026-01-19,2026-01-21,58.19,6261881
2026-01-19,2026-01-22,58.34,4143016
2026-01-19,2026-01-23,58.38,4613476
2026-01-26,2026-01-26,58.61,4133726
2026-01-26,2026-01-27,58.59,4964496
2026-01-26,2026-01-28,58.42,4173942
2026-01-26,2026-01-29,58.55,5071425
2026-01-26,2026-01-30,58.56,6366388
2026-02-02,2026-02-02,58.42,5285497
2026-02-02,2026-02-03,58.26,6102302
2026-02-02,2026-02-04,58.58,6867418
2026-02-02,2026-02-05,58.24,6391227
2026-02-02,2026-02-06,59.11,5977359
2026-02-09,2026-02-09,59.06,5075891
2026-02-09,2026-02-10,59.21,4957352
2026-02-09,2026-02-11,59.27,4713976
2026-02-09,2026-02-12,59.01,7075421
2026-02-09,2026-02-13,59.31,5642156
2026-02-16,2026-02-17,59.2,5306628
2026-02-16,2026-02-18,59.33,4274916
2026-02-16,2026-02-19,59.26,4678191
2026-02-16,2026-02-20,59.49,4613421
2026-02-23,2026-02-23,59.15,6493104
2026-02-23,2026-02-24,59.45,5437743
2026-02-23,2026-02-25,59.51,4503700
2026-02-23,2026-02-26,59.59,5117158
2026-02-23,2026-02-27,59.88,5006453
2026-03-02,2026-03-02,59.38,4873745
2026-03-02,2026-03-03,58.83,7045311
2026-03-02,2026-03-04,59.08,6071306
2026-03-02,2026-03-05,58.62,7236185
2026-03-02,2026-03-06,58.09,6030259
2026-03-09,2026-03-09,58.38,7824177
2026-03-09,2026-03-10,58.19,5699367
2026-03-09,2026-03-11,57.96,7138603
2026-03-09,2026-03-12,57.18,7814668
2026-03-09,2026-03-13,57.09,5080956
2026-03-16,2026-03-16,57.59,4714594
2026-03-16,2026-03-17,57.7,5108371
2026-03-16,2026-03-18,56.77,6171931
2026-03-16,2026-03-19,56.68,6199314
2026-03-16,2026-03-20,56.09,5329796
2026-03-23,2026-03-23,56.58,7801497
2026-03-23,2026-03-24,56.56,5181973
2026-03-23,2026-03-25,56.73,4210202
2026-03-23,2026-03-26,56.19,4300484
2026-03-23,2026-03-27,55.55,5900615
2026-03-30,2026-03-30,55.65,4827761
2026-03-30,2026-03-31,56.68,5557122
2026-03-30,2026-04-01,56.41,5904088
2026-03-30,2026-04-02,56.45,5043447
2026-04-06,2026-04-06,56.7,5816574
2026-04-06,2026-04-07,56.52,5286414
2026-04-06,2026-04-08,57.61,6154199
2026-04-06,2026-04-09,57.8,4036226
2026-04-06,2026-04-10,57.54,4115576
2026-04-13,2026-04-13,57.86,3883492
2026-04-13,2026-04-14,57.84,4505857
2026-04-13,2026-04-15,57.61,5116482
2026-04-13,2026-04-16,57.59,4545043
2026-04-13,2026-04-17,57.79,4727818
2026-04-20,2026-04-20,57.76,3902216
2026-04-20,2026-04-21,57.5,4919115
2026-04-20,2026-04-22,57.3,4974059
2026-04-20,2026-04-23,57.59,4899618
2026-04-20,2026-04-24,57.32,4838794
2026-04-27,2026-04-27,57.05,5821116
2026-04-27,2026-04-28,57.13,4961066
2026-04-27,2026-04-29,57.12,7745124
2026-04-27,2026-04-30,57.59,5353206
2026-04-27,2026-05-01,56.82,5639506
2026-05-04,2026-05-04,56.67,5995647
2026-05-04,2026-05-05,56.5,7280872
2026-05-04,2026-05-06,56.48,6851034
2026-05-04,2026-05-07,56.28,6271412
2026-05-04,2026-05-08,55.96,7172267
2026-05-11,2026-05-11,55.85,7700567
2026-05-11,2026-05-12,56.08,5811525
2026-05-11,2026-05-13,55.93,5118271
2026-05-11,2026-05-14,55.99,11621660
2026-05-11,2026-05-15,55.89,4958193
2026-05-18,2026-05-18,56.13,5539932
2026-05-18,2026-05-19,56.08,5300241
2026-05-18,2026-05-20,56.18,8007072
2026-05-18,2026-05-21,56.08,4982204
2026-05-18,2026-05-22,56.33,4164542
2026-05-25,2026-05-26,56.22,5998742
2026-05-25,2026-05-27,56.28,5342374
2026-05-25,2026-05-28,56.2,5732019
2026-05-25,2026-05-29,56.04,6469287
2026-06-01,2026-06-01,55.32,7748587
2026-06-01,2026-06-02,55.33,7067613
2026-06-01,2026-06-03,55.41,5990983
2026-06-01,2026-06-04,55.71,5659606
2026-06-01,2026-06-05,55.52,5780790
